_id,blogId,authorType,authorId,createdAt
67565a3f0409ffa9efb4bb51,456020,Recruiter,34197,2022-03-26
67565a3f0409ffa9efb4bb52,456046,Recruiter,34048,2023-02-11
67565a3f0409ffa9efb4bb53,456027,Recruiter,34109,2022-01-31
67565a3f0409ffa9efb4bb54,456053,Recruiter,34174,2022-08-01
67565a3f0409ffa9efb4bb55,456065,Recruiter,34183,2023-08-05
67565a3f0409ffa9efb4bb56,456147,Applicant,1234096,2022-10-18
67565a3f0409ffa9efb4bb57,456079,Recruiter,34015,2023-01-23
67565a3f0409ffa9efb4bb58,456041,Applicant,1234105,2022-01-13
67565a3f0409ffa9efb4bb59,456053,Applicant,1234148,2023-07-07
67565a3f0409ffa9efb4bb5a,456099,Recruiter,34030,2023-10-14
67565a3f0409ffa9efb4bb5b,456032,Applicant,1234145,2022-10-17
67565a3f0409ffa9efb4bb5c,456004,Applicant,1234182,2022-07-29
67565a3f0409ffa9efb4bb5d,456169,Applicant,1234189,2022-07-27
67565a3f0409ffa9efb4bb5e,456024,Recruiter,34127,2024-01-03
67565a3f0409ffa9efb4bb5f,456013,Recruiter,34146,2023-06-21
67565a3f0409ffa9efb4bb60,456192,Recruiter,34006,2024-09-02
67565a3f0409ffa9efb4bb61,456020,Recruiter,34093,2022-12-20
67565a3f0409ffa9efb4bb62,456100,Applicant,1234018,2023-04-14
67565a3f0409ffa9efb4bb63,456023,Applicant,1234015,2024-06-30
67565a3f0409ffa9efb4bb64,456129,Applicant,1234018,2024-11-07
67565a3f0409ffa9efb4bb65,456069,Recruiter,34029,2024-08-02
67565a3f0409ffa9efb4bb66,456139,Recruiter,34158,2024-01-19
67565a3f0409ffa9efb4bb67,456097,Applicant,1234094,2024-06-14
67565a3f0409ffa9efb4bb68,456137,Applicant,1234103,2022-12-30
67565a3f0409ffa9efb4bb69,456179,Applicant,1234016,2022-02-13
67565a3f0409ffa9efb4bb6a,456184,Applicant,1234075,2024-01-13
67565a3f0409ffa9efb4bb6b,456125,Recruiter,34158,2024-09-28
67565a3f0409ffa9efb4bb6c,456138,Recruiter,34156,2024-07-22
67565a3f0409ffa9efb4bb6d,456197,Recruiter,34045,2024-11-09
67565a3f0409ffa9efb4bb6e,456043,Recruiter,34042,2023-11-06
67565a3f0409ffa9efb4bb6f,456011,Applicant,1234197,2024-05-14
67565a3f0409ffa9efb4bb70,456078,Recruiter,34051,2023-03-09
67565a3f0409ffa9efb4bb71,456196,Applicant,1234189,2024-09-29
67565a3f0409ffa9efb4bb72,456193,Recruiter,34051,2023-05-05
67565a3f0409ffa9efb4bb73,456102,Applicant,1234191,2023-07-12
67565a3f0409ffa9efb4bb74,456118,Recruiter,34136,2022-03-31
67565a3f0409ffa9efb4bb75,456091,Recruiter,34150,2022-02-05
67565a3f0409ffa9efb4bb76,456181,Applicant,1234156,2023-12-30
67565a3f0409ffa9efb4bb77,456107,Recruiter,34188,2024-11-11
67565a3f0409ffa9efb4bb78,456037,Applicant,1234165,2022-10-21
67565a3f0409ffa9efb4bb79,456049,Applicant,1234018,2024-11-12
67565a3f0409ffa9efb4bb7a,456107,Applicant,1234034,2023-12-14
67565a3f0409ffa9efb4bb7b,456133,Recruiter,34118,2024-08-09
67565a3f0409ffa9efb4bb7c,456007,Applicant,1234140,2023-06-27
67565a3f0409ffa9efb4bb7d,456124,Applicant,1234050,2024-02-20
67565a3f0409ffa9efb4bb7e,456115,Applicant,1234115,2022-04-14
67565a3f0409ffa9efb4bb7f,456024,Applicant,1234014,2024-04-25
67565a3f0409ffa9efb4bb80,456102,Applicant,1234074,2022-10-24
67565a3f0409ffa9efb4bb81,456198,Recruiter,34094,2022-10-23
67565a3f0409ffa9efb4bb82,456150,Applicant,1234040,2024-08-29
67565a3f0409ffa9efb4bb83,456138,Applicant,1234123,2023-02-18
67565a3f0409ffa9efb4bb84,456052,Applicant,1234030,2023-06-29
67565a3f0409ffa9efb4bb85,456172,Applicant,1234191,2022-06-19
67565a3f0409ffa9efb4bb86,456116,Recruiter,34124,2023-08-21
67565a3f0409ffa9efb4bb87,456041,Applicant,1234046,2023-07-29
67565a3f0409ffa9efb4bb88,456026,Recruiter,34058,2023-09-07
67565a3f0409ffa9efb4bb89,456100,Recruiter,34100,2023-02-10
67565a3f0409ffa9efb4bb8a,456111,Recruiter,34038,2023-06-19
67565a3f0409ffa9efb4bb8b,456007,Applicant,1234176,2022-12-05
67565a3f0409ffa9efb4bb8c,456101,Recruiter,34120,2023-10-08
67565a3f0409ffa9efb4bb8d,456140,Recruiter,34157,2024-07-25
67565a3f0409ffa9efb4bb8e,456059,Recruiter,34171,2024-10-31
67565a3f0409ffa9efb4bb8f,456107,Recruiter,34084,2024-02-15
67565a3f0409ffa9efb4bb90,456010,Recruiter,34096,2022-01-23
67565a3f0409ffa9efb4bb91,456160,Applicant,1234080,2023-07-29
67565a3f0409ffa9efb4bb92,456059,Applicant,1234082,2023-09-04
67565a3f0409ffa9efb4bb93,456197,Recruiter,34004,2023-07-29
67565a3f0409ffa9efb4bb94,456133,Recruiter,34194,2022-06-01
67565a3f0409ffa9efb4bb95,456072,Recruiter,34024,2024-08-10
67565a3f0409ffa9efb4bb96,456101,Recruiter,34083,2024-08-25
67565a3f0409ffa9efb4bb97,456150,Recruiter,34168,2022-03-02
67565a3f0409ffa9efb4bb98,456034,Recruiter,34085,2022-02-27
67565a3f0409ffa9efb4bb99,456036,Recruiter,34020,2024-07-09
67565a3f0409ffa9efb4bb9a,456111,Applicant,1234192,2023-08-07
67565a3f0409ffa9efb4bb9b,456109,Recruiter,34172,2024-03-27
67565a3f0409ffa9efb4bb9c,456152,Recruiter,34007,2023-09-22
67565a3f0409ffa9efb4bb9d,456114,Applicant,1234053,2023-10-08
67565a3f0409ffa9efb4bb9e,456190,Recruiter,34054,2024-05-03
67565a3f0409ffa9efb4bb9f,456199,Applicant,1234049,2022-06-09
67565a3f0409ffa9efb4bba0,456022,Applicant,1234084,2022-08-17
67565a3f0409ffa9efb4bba1,456120,Applicant,1234095,2024-09-15
67565a3f0409ffa9efb4bba2,456038,Recruiter,34050,2024-03-20
67565a3f0409ffa9efb4bba3,456067,Applicant,1234059,2022-07-12
67565a3f0409ffa9efb4bba4,456173,Applicant,1234087,2023-01-27
67565a3f0409ffa9efb4bba5,456149,Applicant,1234189,2024-04-11
67565a3f0409ffa9efb4bba6,456073,Applicant,1234087,2024-10-09
67565a3f0409ffa9efb4bba7,456158,Recruiter,34089,2023-06-23
67565a3f0409ffa9efb4bba8,456041,Recruiter,34087,2024-08-07
67565a3f0409ffa9efb4bba9,456086,Applicant,1234068,2022-02-26
67565a3f0409ffa9efb4bbaa,456106,Recruiter,34109,2023-05-10
67565a3f0409ffa9efb4bbab,456022,Applicant,1234011,2024-12-05
67565a3f0409ffa9efb4bbac,456199,Applicant,1234089,2022-12-16
67565a3f0409ffa9efb4bbad,456116,Applicant,1234034,2023-11-15
67565a3f0409ffa9efb4bbae,456181,Applicant,1234120,2023-12-15
67565a3f0409ffa9efb4bbaf,456128,Recruiter,34039,2022-01-29
67565a3f0409ffa9efb4bbb0,456066,Applicant,1234022,2022-03-22
67565a3f0409ffa9efb4bbb1,456012,Recruiter,34176,2022-01-26
67565a3f0409ffa9efb4bbb2,456162,Recruiter,34080,2023-12-11
67565a3f0409ffa9efb4bbb3,456153,Applicant,1234079,2024-01-07
67565a3f0409ffa9efb4bbb4,456047,Recruiter,34011,2023-05-25
