_id,userId,companyId,createdAt
67565a418aa1d06ed4338cb9,1234049,34019,2023-07-16
67565a418aa1d06ed4338cba,1234168,34164,2024-01-04
67565a418aa1d06ed4338cbb,1234179,34183,2022-08-04
67565a418aa1d06ed4338cbc,1234023,34121,2024-12-03
67565a418aa1d06ed4338cbd,1234007,34122,2022-10-24
67565a418aa1d06ed4338cbe,1234153,34027,2022-04-19
67565a418aa1d06ed4338cbf,1234198,34100,2022-12-03
67565a418aa1d06ed4338cc0,1234093,34164,2024-01-16
67565a418aa1d06ed4338cc1,1234128,34031,2022-06-26
67565a418aa1d06ed4338cc2,1234041,34137,2024-01-04
67565a418aa1d06ed4338cc3,1234069,34006,2023-10-29
67565a418aa1d06ed4338cc4,1234139,34079,2023-09-03
67565a418aa1d06ed4338cc5,1234144,34119,2023-04-22
67565a418aa1d06ed4338cc6,1234185,34067,2024-11-29
67565a418aa1d06ed4338cc7,1234008,34196,2024-06-19
67565a418aa1d06ed4338cc8,1234092,34156,2022-02-12
67565a418aa1d06ed4338cc9,1234046,34021,2024-11-10
67565a418aa1d06ed4338cca,1234128,34192,2023-11-14
67565a418aa1d06ed4338ccb,1234062,34181,2023-12-24
67565a418aa1d06ed4338ccc,1234098,34199,2022-01-19
67565a418aa1d06ed4338ccd,1234156,34030,2023-11-15
67565a418aa1d06ed4338cce,1234117,34195,2022-06-02
67565a418aa1d06ed4338ccf,1234193,34081,2023-04-28
67565a418aa1d06ed4338cd0,1234064,34112,2022-09-11
67565a418aa1d06ed4338cd1,1234027,34110,2023-03-23
67565a418aa1d06ed4338cd2,1234014,34062,2022-09-15
67565a418aa1d06ed4338cd3,1234193,34113,2022-12-30
67565a418aa1d06ed4338cd4,1234040,34130,2022-09-13
67565a418aa1d06ed4338cd5,1234058,34083,2024-03-05
67565a418aa1d06ed4338cd6,1234198,34132,2022-12-15
67565a418aa1d06ed4338cd7,1234072,34002,2023-07-04
67565a418aa1d06ed4338cd8,1234130,34132,2024-03-24
67565a418aa1d06ed4338cd9,1234032,34129,2022-09-18
67565a418aa1d06ed4338cda,1234188,34032,2023-01-29
67565a418aa1d06ed4338cdb,1234152,34123,2024-11-04
67565a418aa1d06ed4338cdc,1234119,34194,2023-07-27
67565a418aa1d06ed4338cdd,1234150,34082,2022-12-01
67565a418aa1d06ed4338cde,1234024,34136,2022-04-10
67565a418aa1d06ed4338cdf,1234168,34149,2022-12-24
67565a418aa1d06ed4338ce0,1234052,34044,2022-07-26
67565a418aa1d06ed4338ce1,1234155,34134,2022-12-03
67565a418aa1d06ed4338ce2,1234107,34104,2023-02-08
67565a418aa1d06ed4338ce3,1234020,34051,2022-04-30
67565a418aa1d06ed4338ce4,1234120,34126,2023-10-02
67565a418aa1d06ed4338ce5,1234139,34021,2023-03-11
67565a418aa1d06ed4338ce6,1234036,34076,2022-07-10
67565a418aa1d06ed4338ce7,1234134,34187,2023-09-19
67565a418aa1d06ed4338ce8,1234030,34161,2022-12-10
67565a418aa1d06ed4338ce9,1234153,34013,2023-01-28
67565a418aa1d06ed4338cea,1234180,34055,2024-09-27
67565a418aa1d06ed4338ceb,1234022,34061,2023-01-13
67565a418aa1d06ed4338cec,1234073,34005,2022-02-08
67565a418aa1d06ed4338ced,1234131,34079,2022-07-26
67565a418aa1d06ed4338cee,1234045,34031,2022-03-18
67565a418aa1d06ed4338cef,1234121,34113,2023-09-29
67565a418aa1d06ed4338cf0,1234159,34125,2023-11-02
67565a418aa1d06ed4338cf1,1234044,34189,2022-07-08
67565a418aa1d06ed4338cf2,1234070,34164,2024-10-12
67565a418aa1d06ed4338cf3,1234052,34182,2022-09-17
67565a418aa1d06ed4338cf4,1234091,34167,2022-04-27
67565a418aa1d06ed4338cf5,1234162,34006,2024-05-19
67565a418aa1d06ed4338cf6,1234130,34082,2023-05-22
67565a418aa1d06ed4338cf7,1234015,34095,2024-12-07
67565a418aa1d06ed4338cf8,1234130,34011,2022-02-27
67565a418aa1d06ed4338cf9,1234158,34195,2023-03-07
67565a418aa1d06ed4338cfa,1234015,34088,2022-08-17
67565a418aa1d06ed4338cfb,1234012,34010,2023-12-14
67565a418aa1d06ed4338cfc,1234187,34080,2022-10-04
67565a418aa1d06ed4338cfd,1234012,34038,2022-09-27
67565a418aa1d06ed4338cfe,1234003,34053,2022-04-12
67565a418aa1d06ed4338cff,1234132,34098,2022-04-30
67565a418aa1d06ed4338d00,1234068,34111,2023-10-06
67565a418aa1d06ed4338d01,1234149,34131,2023-07-19
67565a418aa1d06ed4338d02,1234028,34143,2024-07-26
67565a418aa1d06ed4338d03,1234128,34175,2023-09-11
67565a418aa1d06ed4338d04,1234058,34078,2022-07-09
67565a418aa1d06ed4338d05,1234133,34000,2024-10-11
67565a418aa1d06ed4338d06,1234048,34012,2023-09-08
67565a418aa1d06ed4338d07,1234098,34051,2023-08-20
67565a418aa1d06ed4338d08,1234048,34164,2022-08-05
67565a418aa1d06ed4338d09,1234054,34155,2024-06-16
67565a418aa1d06ed4338d0a,1234134,34078,2024-08-27
67565a418aa1d06ed4338d0b,1234150,34076,2024-06-18
67565a418aa1d06ed4338d0c,1234116,34181,2024-08-28
67565a418aa1d06ed4338d0d,1234109,34045,2024-01-12
67565a418aa1d06ed4338d0e,1234155,34039,2024-09-11
67565a418aa1d06ed4338d0f,1234021,34011,2023-06-04
67565a418aa1d06ed4338d10,1234038,34147,2024-11-15
67565a418aa1d06ed4338d11,1234040,34072,2022-02-16
67565a418aa1d06ed4338d12,1234045,34034,2022-05-15
67565a418aa1d06ed4338d13,1234052,34016,2023-12-03
67565a418aa1d06ed4338d14,1234062,34021,2022-03-07
67565a418aa1d06ed4338d15,1234124,34148,2023-01-21
67565a418aa1d06ed4338d16,1234178,34133,2022-07-12
67565a418aa1d06ed4338d17,1234015,34080,2023-08-25
67565a418aa1d06ed4338d18,1234140,34011,2023-11-06
67565a418aa1d06ed4338d19,1234103,34036,2024-10-04
67565a418aa1d06ed4338d1a,1234055,34121,2024-11-11
67565a418aa1d06ed4338d1b,1234096,34019,2024-07-16
67565a418aa1d06ed4338d1c,1234150,34056,2023-07-12
